{"score": [33290, 5010, 13590, 5140, 8780, 2520, 7740, 9990, 2500, 2580, 3850, 6250, 2490, 7550, 6230, 5490, 2650, 8760, 10440, 7620, 7300, 4400, 4980, 5980, 2390, 2490, 2810, -10, 5160, 1990, 2430, 2960, 3870, 3890, 4660, 5980, 4640, 4470, 5390, 4700, 4370, 3120, 2720, 3170, -10, 4190, 990, 5200, 5980, 4730, 2510, 9840, 11060, 14010, 31340, 7260, 5710, 4830, 7000, 32490, 6400, 4980, 2650, 3500, 2180, 4830, 7260, 5240, 12150, 5980, 3650, 2530, 3010, 5980, 5980, 2150, 5980, 5980, 5980, 3130, 1770, 3060, 5540, 10770, 13980, 10420, 4830, 2480, 5140, 2310, 5980, 3370, 4900, 2980, 5980, 3340, 4970, 4980, 2010, 3250, 4290], "avg_score": [33290.0, 19150.0, 17296.666666666668, 14257.5, 13162.0, 11388.333333333334, 10867.142857142857, 10757.5, 9840.0, 9114.0, 8635.454545454546, 8436.666666666666, 7979.2307692307695, 7948.571428571428, 7834.0, 7687.5, 7391.176470588235, 7467.222222222223, 7623.684210526316, 7623.5, 7608.0952380952385, 7462.272727272727, 7354.347826086957, 7297.083333333333, 7100.8, 6923.461538461538, 6771.111111111111, 6528.928571428572, 6481.724137931034, 6332.0, 6206.129032258064, 6104.6875, 6036.969696969697, 5973.823529411765, 5936.285714285715, 5937.5, 5902.4324324324325, 5864.736842105263, 5852.5641025641025, 5823.75, 5788.292682926829, 5724.761904761905, 5654.883720930233, 5598.409090909091, 5473.777777777777, 5445.869565217391, 5351.063829787234, 5347.916666666667, 5360.816326530612, 5348.2, 5292.549019607844, 9840.0, 10450.0, 11636.666666666666, 16562.5, 14702.0, 13203.333333333334, 12007.142857142857, 11381.25, 13726.666666666666, 12994.0, 12265.454545454546, 11464.166666666666, 10851.538461538461, 10232.142857142857, 9872.0, 9708.75, 9445.882352941177, 9596.111111111111, 9405.78947368421, 9118.0, 8804.285714285714, 8540.90909090909, 8429.565217391304, 8327.5, 8080.4, 7999.615384615385, 7924.814814814815, 7855.357142857143, 7692.413793103448, 7495.0, 7351.935483870968, 7295.3125, 7400.606060606061, 7594.117647058823, 7674.857142857143, 7595.833333333333, 7457.5675675675675, 7396.578947368421, 7266.153846153846, 7234.0, 7139.756097560976, 7086.428571428572, 6990.930232558139, 6967.954545454545, 6887.333333333333, 6845.652173913043, 6805.95744680851, 6706.041666666667, 6635.510204081633, 6588.6]}