{"score": [1523, 4674, 1963, 4269, 1563, 3825, 2144, 1779, 3237, 2608, 2989, 1934, 3644, 1432, 737, 2983, 1648, 1103, 549, 2087, 2694, 1169, 1101, 2110, 567, 1015, 2978, 1132, 1269, 681, 820, 2715, 288, 1195, 2744, 358, 690, 1205, 428, 1036, 2010, 409, 676, 666, 396, 1160, 1842, 1499, 848, 263, 661, 956, 1392, 1129, 691, 468, 446, 1023, 1141, 523, 1206, 1161, 277, 898, 1293, 670, 930, 612, 1436, 717, 476, 571, 252, 252, 305, 1283, 604, 2890, 739, 538, 541, 448, 559, 362, 214, 925, 919, 599, 442, 607, 1648, 1098, 1687, 5372, 1283, 2733, 1667, 2337, 1168, 2133, 749, 867, 2149, 995, 1231, 1743, 1994, 1304, 988, 1121, 1054, 1349, 983, 2453, 2820, 611, 689, 3690, 1271, 383, 1371, 2447, 359, 598, 1995, 802, 366, 341, 1730, 1475, 547, 604, 1024, 349, 1870, 1796, 766, 1613, 436, 287, 346, 888, 778, 1025, 1271, 851, 935, 651, 1505, 918, 554, 2454, 2540, 1247, 501, 2204, 3674, 916, 1938, 1861, 2816, 1091, 820, 527, 273, 303, 255, 439, 596, 0, 1094, 826, 317, 480], "avg_score": [1523.0, 3098.5, 2720.0, 3107.25, 2798.4, 2969.5, 2851.5714285714284, 2717.5, 2775.222222222222, 2758.5, 2779.4545454545455, 2709.0, 2780.923076923077, 2684.5714285714284, 2554.733333333333, 2581.5, 2526.5882352941176, 2447.5, 2347.5789473684213, 2334.55, 2351.6666666666665, 2297.909090909091, 2245.8695652173915, 2240.2083333333335, 2173.28, 2128.730769230769, 2160.185185185185, 2123.464285714286, 2094.0, 2046.9, 2007.3225806451612, 2029.4375, 1976.6666666666667, 1953.6764705882354, 1976.2571428571428, 1931.3055555555557, 1897.7567567567567, 1879.5263157894738, 1842.3076923076924, 1822.15, 1826.7317073170732, 1792.9761904761904, 1767.0, 1741.9772727272727, 1712.0666666666666, 1700.0652173913043, 1703.0851063829787, 1698.8333333333333, 1681.469387755102, 1653.1, 1633.6470588235295, 1620.6153846153845, 1616.301886792453, 1607.2777777777778, 1590.6181818181817, 1570.5714285714287, 1550.842105263158, 1541.7413793103449, 1534.949152542373, 1518.0833333333333, 1512.967213114754, 1507.2903225806451, 1487.7619047619048, 1478.546875, 1475.6923076923076, 1463.4848484848485, 1455.5223880597016, 1443.1176470588234, 1443.0144927536232, 1432.642857142857, 1419.1690140845071, 1407.388888888889, 1391.5616438356165, 1376.162162162162, 1361.88, 1360.842105263158, 1351.012987012987, 1370.7435897435898, 1362.746835443038, 1352.4375, 1342.4197530864199, 1331.5121951219512, 1322.2048192771085, 1310.7738095238096, 1297.870588235294, 1293.5348837209303, 1289.2298850574712, 1281.3863636363637, 1271.9550561797753, 1264.5666666666666, 1268.7802197802198, 1098.0, 1392.5, 2719.0, 2360.0, 2434.6, 2306.6666666666665, 2311.0, 2168.125, 2164.222222222222, 2022.7, 1917.6363636363637, 1936.9166666666667, 1864.4615384615386, 1819.2142857142858, 1814.1333333333334, 1825.375, 1794.7058823529412, 1749.888888888889, 1716.7894736842106, 1683.65, 1667.7142857142858, 1636.590909090909, 1672.0869565217392, 1719.9166666666667, 1675.56, 1637.6153846153845, 1713.6296296296296, 1697.8214285714287, 1652.4827586206898, 1643.1, 1669.032258064516, 1628.09375, 1596.878787878788, 1608.5882352941176, 1585.5428571428572, 1551.6666666666667, 1518.945945945946, 1524.5, 1523.2307692307693, 1498.825, 1477.0, 1466.2142857142858, 1440.2325581395348, 1450.0, 1457.6888888888889, 1442.6521739130435, 1446.276595744681, 1425.2291666666667, 1402.0, 1380.88, 1371.2156862745098, 1359.8076923076924, 1353.4905660377358, 1351.962962962963, 1342.8545454545454, 1335.5714285714287, 1323.561403508772, 1326.6896551724137, 1319.7627118644068, 1307.0, 2454.0, 2497.0, 2080.3333333333335, 1685.5, 1789.2, 2103.3333333333335, 1933.7142857142858, 1934.25, 1926.111111111111, 2015.1, 1931.090909090909, 1838.5, 527.0, 400.0, 367.6666666666667, 339.5, 359.4, 398.8333333333333, 341.85714285714283, 435.875, 479.22222222222223, 463.0, 464.54545454545456]}